DATE,TSLA.O,PLTR.O,SPCE.K
01/11/2023,75.19,12.28,24.53
02/11/2023,81.97,14.73,27.87
03/11/2023,82.94,15.26,29.90
06/11/2023,84.30,15.02,27.39
07/11/2023,84.30,15.29,28.29
08/11/2023,84.92,15.05,25.40
09/11/2023,83.65,14.95,30.44
10/11/2023,85.36,16.09,29.29
13/11/2023,84.30,16.05,30.79
14/11/2023,84.50,15.96,34.09
15/11/2023,85.38,16.07,35.27
16/11/2023,86.42,15.94,33.53
17/11/2023,84.72,16.44,35.15
20/11/2023,83.41,17.07,35.99
21/11/2023,82.71,15.79,33.98
22/11/2023,82.80,15.76,31.86
24/11/2023,81.55,15.23,33.33
27/11/2023,81.08,15.11,32.79
28/11/2023,79.71,15.53,33.40
29/11/2023,78.66,15.63,34.66
30/11/2023,78.67,15.89,35.34
01/12/2023,78.11,15.96,36.85
04/12/2023,77.26,14.57,30.56
05/12/2023,75.87,14.53,30.33
06/12/2023,77.25,13.64,32.17
07/12/2023,76.60,13.68,35.42
08/12/2023,77.00,14.16,37.14
11/12/2023,78.16,14.16,36.96
12/12/2023,78.14,13.93,35.51
13/12/2023,77.75,14.16,38.83
14/12/2023,76.64,14.26,40.11
15/12/2023,76.33,14.36,39.61
18/12/2023,76.38,14.11,39.08
19/12/2023,76.76,14.10,41.48
20/12/2023,74.95,13.65,37.35
21/12/2023,75.13,13.86,38.93
22/12/2023,75.02,13.71,40.94
26/12/2023,75.18,13.89,41.65
27/12/2023,74.48,13.65,42.21
28/12/2023,75.36,13.79,39.91
29/12/2023,75.43,13.49,38.49
02/01/2024,74.26,13.14,37.58
03/01/2024,73.63,12.71,36.49
04/01/2024,73.78,12.82,36.91
05/01/2024,73.13,12.57,36.65
08/01/2024,73.89,13.08,36.87
09/01/2024,73.27,12.90,35.89
10/01/2024,73.40,13.18,36.11
11/01/2024,72.84,13.07,34.01
12/01/2024,72.14,13.14,33.10
16/01/2024,73.36,13.08,30.86
17/01/2024,72.42,12.93,30.93
18/01/2024,73.47,12.91,30.54
19/01/2024,73.91,13.21,30.24
22/01/2024,73.25,13.85,32.27
23/01/2024,72.49,13.66,32.95
24/01/2024,72.34,13.17,31.60
25/01/2024,72.88,12.95,30.69
26/01/2024,73.06,12.87,29.76
29/01/2024,73.82,13.45,30.22
30/01/2024,74.10,13.18,28.20
31/01/2024,73.34,12.68,28.06
01/02/2024,73.28,12.82,28.10
02/02/2024,73.63,13.48,27.55
05/02/2024,73.82,13.34,26.49
06/02/2024,75.95,17.36,28.74
07/02/2024,75.49,18.69,28.04
08/02/2024,76.56,19.43,27.90
09/02/2024,77.11,19.32,28.37
12/02/2024,75.61,19.84,29.62
13/02/2024,74.56,19.07,27.33
14/02/2024,74.87,20.05,31.04
15/02/2024,73.98,20.17,30.48
16/02/2024,74.00,19.40,29.37
20/02/2024,74.07,18.54,28.69
21/02/2024,75.21,18.00,27.86
22/02/2024,75.66,18.63,26.38
23/02/2024,75.42,18.12,26.03
26/02/2024,74.34,18.58,28.07
27/02/2024,74.22,19.34,29.96
28/02/2024,73.45,19.29,27.64
29/02/2024,75.18,19.87,27.57
01/03/2024,73.64,19.71,26.72
04/03/2024,72.86,18.94,25.37
05/03/2024,71.81,18.74,25.19
06/03/2024,72.00,20.55,25.61
07/03/2024,71.02,20.66,26.86
08/03/2024,70.83,20.25,26.76
11/03/2024,71.86,19.79,27.01
12/03/2024,72.24,19.31,26.11
13/03/2024,71.59,19.54,26.57
14/03/2024,71.88,19.16,25.57
15/03/2024,70.74,18.44,26.06
18/03/2024,71.51,18.86,23.57
19/03/2024,72.00,18.71,22.01
20/03/2024,72.43,19.22,22.37
21/03/2024,72.42,19.35,22.60
22/03/2024,71.99,19.19,21.90
25/03/2024,71.77,19.40,21.37
26/03/2024,71.57,19.71,22.02
27/03/2024,72.40,19.39,23.10
28/03/2024,72.41,18.23,23.45
01/04/2024,72.93,18.22,22.79
02/04/2024,71.00,18.06,20.83
03/04/2024,70.11,17.94,20.39
04/04/2024,69.32,17.78,19.94
05/04/2024,68.73,18.17,19.63
08/04/2024,68.91,18.18,18.65
09/04/2024,68.74,17.99,18.46
10/04/2024,68.59,17.89,17.56
11/04/2024,68.45,18.20,17.85
12/04/2024,68.21,18.21,17.35
15/04/2024,68.44,17.60,16.39
16/04/2024,68.75,17.61,16.74
17/04/2024,69.27,17.12,15.15
18/04/2024,70.08,16.99,15.60
19/04/2024,70.82,16.55,13.84
22/04/2024,71.41,16.98,12.18
23/04/2024,70.59,17.38,14.78
24/04/2024,71.22,17.33,13.96
25/04/2024,70.20,17.35,13.75
26/04/2024,70.66,18.03,14.21
29/04/2024,70.32,18.18,14.07
30/04/2024,70.85,17.59,13.93
01/05/2024,59.43,17.66,14.81
02/05/2024,59.80,18.00,14.08
03/05/2024,58.28,18.60,15.11
06/05/2024,58.04,20.07,16.40
07/05/2024,57.98,17.11,16.15
08/05/2024,58.82,17.25,15.93
09/05/2024,60.44,16.88,16.45
10/05/2024,60.79,16.45,15.21
13/05/2024,60.66,16.67,16.56
14/05/2024,60.08,17.03,20.18
15/05/2024,59.68,17.08,16.71
16/05/2024,59.44,17.09,16.26
17/05/2024,61.30,17.14,15.91
20/05/2024,61.04,17.02,15.64
21/05/2024,61.16,16.72,15.27
22/05/2024,63.48,16.65,14.48
23/05/2024,61.67,16.32,14.23
24/05/2024,61.91,16.49,13.45
28/05/2024,60.72,16.50,16.46
29/05/2024,60.50,16.48,14.97
30/05/2024,61.87,17.07,13.81
31/05/2024,62.97,17.02,13.58
03/06/2024,64.11,16.65,14.18
04/06/2024,64.87,17.32,13.55
05/06/2024,63.48,17.96,13.50
06/06/2024,63.71,18.60,12.95
07/06/2024,64.01,18.32,13.30
10/06/2024,64.10,18.17,12.61
11/06/2024,62.71,18.72,14.14
12/06/2024,62.03,18.58,13.31
13/06/2024,62.89,18.24,11.45
14/06/2024,62.81,18.59,10.80
17/06/2024,64.02,19.70,9.21
18/06/2024,63.11,20.32,7.97
20/06/2024,62.99,20.20,7.00
21/06/2024,63.20,18.85,7.53
24/06/2024,62.88,19.06,6.97
25/06/2024,62.51,19.36,6.87
26/06/2024,62.72,19.10,7.04
27/06/2024,62.70,19.96,6.92
28/06/2024,61.58,20.04,6.67
01/07/2024,60.99,20.46,6.27
02/07/2024,60.57,20.36,6.26
03/07/2024,59.86,20.29,6.18
05/07/2024,59.38,21.26,6.43
08/07/2024,58.24,21.63,6.11
09/07/2024,56.91,21.43,5.51
10/07/2024,56.45,22.13,5.50
11/07/2024,56.78,21.41,5.98
12/07/2024,57.60,21.61,6.29
15/07/2024,56.11,22.11,5.82
16/07/2024,58.24,22.11,6.20
17/07/2024,57.73,21.69,5.50
18/07/2024,57.33,22.13,5.07
19/07/2024,61.36,22.12,5.00
22/07/2024,59.19,22.01,5.44
23/07/2024,59.09,22.32,5.32
24/07/2024,57.86,20.61,5.01
25/07/2024,57.05,20.72,5.23
26/07/2024,57.53,21.12,5.79
29/07/2024,58.48,21.06,5.51
30/07/2024,59.17,20.55,5.50
31/07/2024,60.63,20.92,5.53
01/08/2024,58.96,20.47,5.02
02/08/2024,59.29,19.33,4.70
05/08/2024,57.82,18.86,4.65
06/08/2024,59.40,20.96,4.44
07/08/2024,59.33,20.74,4.15
08/08/2024,59.43,22.97,4.71
09/08/2024,58.85,23.52,4.81
12/08/2024,60.35,23.02,4.56
13/08/2024,74.59,23.64,4.80
14/08/2024,73.22,24.17,4.84
15/08/2024,73.83,24.29,5.33
16/08/2024,73.25,24.78,5.08
19/08/2024,71.07,25.02,5.25
20/08/2024,71.39,24.81,5.00
21/08/2024,70.87,24.86,5.35
22/08/2024,70.62,24.39,5.10
23/08/2024,71.18,24.06,5.39
26/08/2024,72.50,23.39,5.34
27/08/2024,74.39,23.27,5.15
28/08/2024,72.25,23.02,4.87
29/08/2024,72.04,23.54,5.00
30/08/2024,72.05,23.98,5.10
03/09/2024,71.07,23.27,4.70
04/09/2024,70.26,23.28,4.79
05/09/2024,69.49,22.89,4.58
06/09/2024,69.46,23.11,4.45
09/09/2024,70.54,26.47,4.58
10/09/2024,71.37,26.58,4.53
11/09/2024,75.29,26.72,4.78
12/09/2024,75.65,26.60,4.79
13/09/2024,75.12,27.12,5.33
16/09/2024,72.87,27.47,5.42
17/09/2024,73.28,27.70,5.30
18/09/2024,72.75,27.54,4.99
19/09/2024,72.95,27.73,4.89
20/09/2024,72.10,27.93,4.71
23/09/2024,71.54,28.44,4.56
24/09/2024,70.42,27.51,4.55
25/09/2024,71.77,27.86,4.38
26/09/2024,72.66,27.66,4.49
27/09/2024,72.80,27.55,4.65
30/09/2024,72.92,27.82,4.56
01/10/2024,73.34,27.44,4.40
02/10/2024,72.74,28.26,4.55
03/10/2024,72.81,29.90,4.44
04/10/2024,73.64,30.50,4.65
07/10/2024,73.45,29.73,4.70
08/10/2024,73.42,31.63,4.71
09/10/2024,73.36,33.00,4.70
10/10/2024,71.89,33.33,4.69
11/10/2024,73.13,33.30,4.78
14/10/2024,72.56,33.23,5.05
15/10/2024,72.70,32.46,5.18
16/10/2024,73.49,32.28,5.50
17/10/2024,73.23,32.28,5.43
18/10/2024,74.22,32.93,5.91
21/10/2024,74.28,32.89,5.60
22/10/2024,74.57,33.07,5.65
23/10/2024,75.58,32.96,5.49
24/10/2024,74.89,33.58,5.51
25/10/2024,75.09,34.62,5.44
28/10/2024,75.57,34.67,5.97
29/10/2024,74.83,34.52,5.65
30/10/2024,75.08,33.71,5.24
31/10/2024,75.75,32.22,5.09
01/11/2024,76.49,32.43,5.11
04/11/2024,74.89,31.96,4.95
05/11/2024,74.45,39.21,5.28
06/11/2024,74.61,43.12,5.53
07/11/2024,74.02,43.03,4.84
08/11/2024,75.50,45.19,4.81
11/11/2024,77.95,46.81,5.87
12/11/2024,77.51,46.95,5.54
13/11/2024,78.56,47.78,5.57
14/11/2024,78.35,46.73,5.20
15/11/2024,78.01,52.13,5.37
18/11/2024,79.20,48.33,5.49
19/11/2024,77.55,49.66,5.37
20/11/2024,77.68,49.11,5.28
21/11/2024,79.50,48.75,5.34
22/11/2024,81.80,51.35,5.71
25/11/2024,81.04,51.44,5.97
26/11/2024,80.11,52.31,5.58
27/11/2024,80.07,52.10,5.55
29/11/2024,80.44,52.67,5.73
02/12/2024,80.21,52.46,5.55
03/12/2024,80.17,56.01,5.28
04/12/2024,79.28,54.99,5.24
05/12/2024,77.78,56.33,4.94
06/12/2024,78.57,59.91,5.09
09/12/2024,77.90,56.84,5.15
10/12/2024,76.88,55.52,5.08
11/12/2024,77.19,56.87,5.09
12/12/2024,77.21,57.77,5.04
13/12/2024,77.21,60.29,5.14
16/12/2024,73.43,59.73,5.18
17/12/2024,72.45,58.53,5.17
18/12/2024,71.50,56.88,4.92
19/12/2024,71.01,59.37,4.78
20/12/2024,69.99,64.09,4.85
23/12/2024,69.77,64.38,4.88
24/12/2024,71.69,65.68,4.95
26/12/2024,73.34,65.58,5.19
27/12/2024,73.34,62.87,5.07
30/12/2024,72.17,61.49,4.76
31/12/2024,72.94,60.45,4.70
02/01/2025,74.45,60.73,4.89
03/01/2025,74.54,64.32,5.26
06/01/2025,74.40,60.65,5.14
07/01/2025,74.43,56.11,5.00
08/01/2025,74.91,55.19,4.77
10/01/2025,75.59,55.11,4.76
13/01/2025,76.65,53.26,4.48
14/01/2025,76.19,53.96,4.36
15/01/2025,76.05,55.67,4.31
16/01/2025,77.15,56.57,4.31
17/01/2025,78.21,59.01,4.23
21/01/2025,79.31,59.15,4.44
22/01/2025,79.35,62.41,4.36
23/01/2025,79.33,63.94,4.35
24/01/2025,79.18,63.29,4.30
27/01/2025,80.04,60.37,3.99
28/01/2025,80.71,64.49,3.68
29/01/2025,87.23,64.08,3.62
30/01/2025,87.80,65.42,3.82
31/01/2025,86.91,66.58,3.84
03/02/2025,86.88,67.26,3.66
04/02/2025,88.63,83.20,3.81
05/02/2025,89.76,81.05,3.65
06/02/2025,89.83,89.50,3.62
07/02/2025,90.42,89.33,3.46
10/02/2025,90.13,94.33,3.47
11/02/2025,89.23,90.51,3.30
12/02/2025,90.85,94.35,3.30
13/02/2025,89.93,93.84,3.40
14/02/2025,89.43,94.68,3.47
18/02/2025,89.63,98.82,3.62
19/02/2025,89.38,89.04,3.50
20/02/2025,89.47,83.89,3.50
21/02/2025,88.48,80.25,3.36
24/02/2025,89.66,71.83,3.26
25/02/2025,90.48,69.36,3.21
26/02/2025,89.17,70.48,3.03
27/02/2025,90.89,67.29,3.04
28/02/2025,92.08,67.52,3.02
03/03/2025,90.88,65.69,2.72
04/03/2025,87.59,65.97,2.66
05/03/2025,86.63,69.91,2.71
06/03/2025,81.87,62.46,2.61
07/03/2025,82.41,65.72,2.64
10/03/2025,78.55,59.33,2.29
11/03/2025,76.92,60.29,2.33
12/03/2025,76.15,64.54,2.48
13/03/2025,74.19,61.50,2.52
14/03/2025,75.87,66.69,2.50
17/03/2025,76.27,67.24,2.67
18/03/2025,75.60,64.53,2.91
19/03/2025,76.30,66.23,3.35
20/03/2025,76.59,67.42,3.29
21/03/2025,75.14,70.41,3.17
24/03/2025,74.09,74.89,3.13
25/03/2025,74.08,74.56,2.96
26/03/2025,76.03,71.62,2.78
27/03/2025,76.36,69.59,2.51
28/03/2025,75.54,66.36,2.33
31/03/2025,75.93,65.33,2.35
01/04/2025,76.03,65.55,2.18
02/04/2025,76.44,67.24,2.25
03/04/2025,67.39,63.84,2.12
04/04/2025,63.69,57.42,2.13
07/04/2025,62.90,61.20,1.98
08/04/2025,62.43,60.57,1.86
09/04/2025,69.21,71.80,2.07
10/04/2025,65.24,68.32,1.97
11/04/2025,65.31,67.70,1.97
14/04/2025,64.82,70.23,1.97
15/04/2025,63.27,74.38,1.94
16/04/2025,61.00,70.02,1.91
17/04/2025,61.44,70.70,1.91
21/04/2025,60.31,67.88,1.85
22/04/2025,61.34,70.52,1.92
23/04/2025,62.47,76.06,2.14
24/04/2025,62.86,80.79,2.16
25/04/2025,62.95,84.71,2.14
28/04/2025,62.43,85.31,2.27
29/04/2025,63.29,86.59,2.22
30/04/2025,60.07,88.88,2.17
01/05/2025,61.76,87.51,2.16
02/05/2025,63.82,93.65,2.18
05/05/2025,61.44,93.12,2.22
06/05/2025,61.92,81.43,2.12
07/05/2025,62.21,83.10,2.14
08/05/2025,62.05,89.95,2.37
09/05/2025,60.36,88.17,2.31
12/05/2025,65.04,89.93,2.40
13/05/2025,65.30,96.29,2.33
14/05/2025,65.26,98.18,2.68
15/05/2025,65.62,96.35,2.52
16/05/2025,64.47,97.59,3.62
19/05/2025,63.34,94.58,3.24
20/05/2025,63.91,93.77,3.01
21/05/2025,61.85,89.87,2.77
22/05/2025,62.59,91.16,2.74
23/05/2025,62.35,91.10,2.75
27/05/2025,64.44,91.38,2.64
28/05/2025,63.84,91.86,2.54
29/05/2025,62.32,90.69,2.50
30/05/2025,62.37,97.91,2.39
02/06/2025,62.91,97.51,2.30
03/06/2025,64.08,98.54,2.40
04/06/2025,65.00,95.91,2.49
05/06/2025,64.11,88.38,2.31
06/06/2025,66.30,94.46,2.38
09/06/2025,66.93,97.48,2.58
10/06/2025,67.76,98.42,2.53
11/06/2025,70.43,100.70,2.35
12/06/2025,69.31,99.34,2.21
13/06/2025,68.76,101.30,2.21
16/06/2025,68.87,104.18,2.25
17/06/2025,68.23,102.95,2.20
18/06/2025,68.77,104.31,2.23
20/06/2025,69.24,102.09,2.22
23/06/2025,68.29,103.48,2.18
24/06/2025,67.21,105.21,2.16
25/06/2025,66.68,104.59,2.12
26/06/2025,66.90,105.08,2.16
27/06/2025,67.16,95.33,2.09
30/06/2025,66.72,99.26,1.99
01/07/2025,69.06,95.07,2.05
02/07/2025,69.07,96.89,2.08
03/07/2025,69.18,98.42,2.06
07/07/2025,68.86,102.30,2.04
08/07/2025,69.89,102.84,2.04
09/07/2025,70.11,105.35,2.14
10/07/2025,70.10,104.99,2.25
11/07/2025,70.33,105.27,2.31
14/07/2025,69.58,111.08,2.39
15/07/2025,69.12,111.05,2.36
16/07/2025,68.93,112.44,2.42
17/07/2025,69.47,114.79,2.79
18/07/2025,69.98,114.53,2.89
21/07/2025,68.70,112.54,3.20
22/07/2025,71.66,110.19,2.98
23/07/2025,70.63,113.87,3.27
24/07/2025,69.36,114.64,3.20
25/07/2025,70.28,118.21,3.08
28/07/2025,70.14,118.22,2.94
29/07/2025,69.64,117.05,2.80
30/07/2025,70.09,119.84,2.77
31/07/2025,67.52,119.92,2.88
01/08/2025,65.42,116.19,2.77
04/08/2025,67.59,120.95,2.92
05/08/2025,67.82,130.29,3.00
06/08/2025,66.63,134.44,2.83
07/08/2025,67.72,135.55,2.54
08/08/2025,68.50,139.01,2.31
11/08/2025,68.32,136.04,2.21
12/08/2025,69.19,138.55,2.22
13/08/2025,69.38,135.82,2.24
14/08/2025,68.78,133.78,2.23
15/08/2025,66.86,130.74,2.21
18/08/2025,68.54,128.89,2.22
19/08/2025,67.41,116.94,2.20
20/08/2025,66.52,115.93,2.21
21/08/2025,66.04,116.46,2.23
22/08/2025,65.36,117.39,2.33
25/08/2025,63.78,116.82,2.46
26/08/2025,64.27,119.34,2.33
27/08/2025,64.95,116.12,2.29
28/08/2025,65.14,117.02,2.32
29/08/2025,65.31,116.06,2.30
02/09/2025,67.05,117.31,2.31
03/09/2025,64.90,115.22,2.29
04/09/2025,64.77,116.24,2.29
05/09/2025,63.25,113.36,2.38
08/09/2025,62.15,115.26,2.40
09/09/2025,61.97,120.05,2.34
10/09/2025,61.26,123.25,2.31
11/09/2025,60.68,121.10,2.40
12/09/2025,60.42,126.46,2.44
15/09/2025,60.81,125.93,2.41
16/09/2025,61.82,124.76,2.40
17/09/2025,61.08,123.54,2.39
18/09/2025,61.55,130.57,2.43
19/09/2025,62.80,135.44,2.44
22/09/2025,63.12,132.72,2.49
23/09/2025,63.37,135.00,2.77
24/09/2025,62.68,133.56,2.78
25/09/2025,62.84,134.27,2.60
26/09/2025,62.23,132.52,2.55
29/09/2025,63.79,133.22,2.61
30/09/2025,62.94,135.72,2.87
01/10/2025,62.62,137.23,2.85
02/10/2025,64.55,139.23,3.01
03/10/2025,64.12,128.41,3.18
06/10/2025,60.90,133.16,3.03
07/10/2025,60.57,135.73,2.96
08/10/2025,59.71,136.94,3.07
09/10/2025,59.98,139.44,3.05
10/10/2025,58.74,131.34,3.06
13/10/2025,60.03,132.92,3.28
14/10/2025,60.94,134.98,3.49
15/10/2025,61.83,134.03,3.43
16/10/2025,62.80,132.63,3.30
17/10/2025,63.59,132.71,3.04
20/10/2025,63.06,135.48,3.09
21/10/2025,64.27,135.80,2.95
22/10/2025,64.02,131.40,2.79
23/10/2025,64.13,135.46,2.98
24/10/2025,64.69,138.73,3.01
27/10/2025,65.41,141.87,3.13
28/10/2025,64.38,142.88,3.05
29/10/2025,63.80,150.69,3.05
30/10/2025,63.23,147.95,2.90
31/10/2025,61.49,152.44,3.00
