DATE,JNJ,KO,PEP.O
01/11/2023,122.38,46.45,135.7
02/11/2023,123.14,46.79,136.73
03/11/2023,122.29,45.85,134.77
06/11/2023,122.92,46.16,135.08
07/11/2023,122.69,46.49,135.93
08/11/2023,122.41,46.48,136.29
09/11/2023,120.63,46.36,135.96
10/11/2023,120.48,46.41,136.57
13/11/2023,120.24,46.37,136.64
14/11/2023,118.16,45.69,134.52
15/11/2023,119.83,46.07,134.68
16/11/2023,120.99,46.07,135.18
17/11/2023,120.21,45.95,133.82
20/11/2023,119.89,45.91,133.17
21/11/2023,120.54,46.29,133.84
22/11/2023,120.73,46.77,135.46
24/11/2023,121,46.47,134.39
27/11/2023,119.83,46.3,133.32
28/11/2023,119.46,46.15,133.03
29/11/2023,119.83,45.87,131.68
30/11/2023,122.53,46.3,133.33
01/12/2023,124.71,46.17,132.83
04/12/2023,125.78,46.37,133.9
05/12/2023,125.9,46.58,133.36
06/12/2023,124.71,46.66,133.38
07/12/2023,123.43,46.66,133.01
08/12/2023,123.08,46.72,132.06
11/12/2023,123.52,47.03,133.69
12/12/2023,123.45,47.3,134.12
13/12/2023,123.47,47.5,136.32
14/12/2023,122.88,46.25,131.8
15/12/2023,122.41,46.23,131.75
18/12/2023,122.95,46.69,133.61
19/12/2023,122.91,46.21,131.93
20/12/2023,121.29,45.59,131.12
21/12/2023,122.04,45.7,131.6
22/12/2023,122.41,45.92,132.03
26/12/2023,122.69,46.02,132.69
27/12/2023,122.21,45.89,132.41
28/12/2023,123,46.15,133.06
29/12/2023,123.14,46.3,133.43
02/01/2024,126.82,47.42,137.08
03/01/2024,127.13,47.35,136.59
04/01/2024,126.69,47.13,135.24
05/01/2024,126.71,46.93,132.86
08/01/2024,126.72,47.16,132.67
09/01/2024,127.22,47.23,131.58
10/01/2024,127.07,47.26,131.03
11/01/2024,126.29,46.87,130.2
12/01/2024,127.35,47.36,131.18
16/01/2024,127.03,47.48,131.51
17/01/2024,126.6,47.34,131.34
18/01/2024,126.89,47.35,131.58
19/01/2024,127.31,47.11,130.54
22/01/2024,127.87,46.88,129.95
23/01/2024,125.96,47.17,132.14
24/01/2024,124.94,46.3,130.16
25/01/2024,125.56,46.55,131.07
26/01/2024,125.57,46.74,132.15
29/01/2024,125.41,47.01,132.33
30/01/2024,125.05,47.18,133.59
31/01/2024,125.27,46.9,132.86
01/02/2024,124.28,47.86,134.75
02/02/2024,124,47.93,135.37
05/02/2024,124.32,47.91,136.39
06/02/2024,125.47,47.58,136.08
07/02/2024,125.13,47.52,135.82
08/02/2024,123.97,47.42,137.8
09/02/2024,124.23,47.2,132.87
12/02/2024,125.02,47.28,135.13
13/02/2024,124.29,47.14,134.15
14/02/2024,123.95,47.19,133.32
15/02/2024,125.33,47.14,133.22
16/02/2024,124.27,47.14,132.02
20/02/2024,125.11,48.11,133.66
21/02/2024,125.6,48.47,133.63
22/02/2024,126.75,48.31,132.91
23/02/2024,127.64,48.27,133.77
26/02/2024,126.79,47.87,132.68
27/02/2024,126.93,47.58,132.59
28/02/2024,127.6,47.71,131.93
29/02/2024,127.85,47.55,130.98
01/03/2024,128.16,47.06,130.11
04/03/2024,125.96,47.13,130.31
05/03/2024,125.93,46.86,127.56
06/03/2024,125.18,46.78,128.05
07/03/2024,124.06,46.42,127.37
08/03/2024,124.07,46.29,126.82
11/03/2024,125.84,47.02,128.58
12/03/2024,127.23,47.3,128.64
13/03/2024,125.9,47.76,129.18
14/03/2024,124.86,47.45,129.23
15/03/2024,124.17,47.01,129.26
18/03/2024,123.17,47.25,134.56
19/03/2024,122.81,47.35,135.06
20/03/2024,121.84,47.52,134.43
21/03/2024,123.06,47.78,136.26
22/03/2024,123.19,48,136.51
25/03/2024,122.86,47.81,136.61
26/03/2024,123.38,47.95,136.82
27/03/2024,124.99,48.29,137.34
28/03/2024,125.33,48.47,138.66
01/04/2024,125.72,48.35,137.83
02/04/2024,125.41,47.83,136.31
03/04/2024,121.93,47.29,134.12
04/04/2024,120.65,46.91,134.22
05/04/2024,120.6,47.1,133.86
08/04/2024,119.82,46.85,134.03
09/04/2024,120.14,47.11,134.59
10/04/2024,119.86,47.02,134.83
11/04/2024,118.56,47.05,134.15
12/04/2024,118.49,46.81,135.02
15/04/2024,118.6,46.72,134.16
16/04/2024,116.27,46.73,134.82
17/04/2024,116.32,47.01,136.17
18/04/2024,117.2,47.37,138.54
19/04/2024,119.56,48.64,140.76
22/04/2024,120.75,49.03,142.89
23/04/2024,120.15,48.71,137.55
24/04/2024,119.2,49.39,142.37
25/04/2024,117.33,49.34,141.2
26/04/2024,117.01,49.44,140.59
29/04/2024,116.88,49.39,140.23
30/04/2024,115.76,49.46,140.84
01/05/2024,120.7,49.44,139.84
02/05/2024,119.64,49.47,140.01
03/05/2024,119,49.56,140.43
06/05/2024,118.29,49.64,139.97
07/05/2024,118.94,50.08,142.37
08/05/2024,119.2,50.3,141.97
09/05/2024,119.67,50.22,142.2
10/05/2024,119.73,50.52,143.59
13/05/2024,120.42,50.63,144.05
14/05/2024,120.26,50.13,142.89
15/05/2024,120.35,49.77,141.47
16/05/2024,121.81,49.99,144.57
17/05/2024,121.77,49.63,143.47
20/05/2024,119.07,49.25,141.93
21/05/2024,119.02,49.51,142.5
22/05/2024,120.72,49.55,143.21
23/05/2024,117.9,48.9,141.19
24/05/2024,115.36,48.67,139.71
28/05/2024,113.15,48.45,135.88
29/05/2024,113.67,48.56,134.69
30/05/2024,114.12,48.68,133.92
31/05/2024,115.13,49.4,135.72
03/06/2024,115.39,49.15,133.73
04/06/2024,115.8,50.1,136.24
05/06/2024,114.17,50,135.7
06/06/2024,114.5,50.16,135.44
07/06/2024,115.62,50.24,134.45
10/06/2024,115.58,49.95,130.32
11/06/2024,115.2,49.88,129.57
12/06/2024,113.64,49.14,128.03
13/06/2024,114,49.37,128.01
14/06/2024,114.76,49.32,129.17
17/06/2024,114.89,49.3,130.79
18/06/2024,114.62,49.29,131.01
20/06/2024,116.78,49.13,131.71
21/06/2024,117.64,49.64,132.29
24/06/2024,117.61,50.45,132.57
25/06/2024,116.05,50.34,131.95
26/06/2024,116.34,50.75,132.12
27/06/2024,115.37,50.57,131.55
28/06/2024,115.61,50.35,130.46
01/07/2024,115.79,50.04,128.8
02/07/2024,115.13,49.79,128.96
03/07/2024,114.36,49.71,127.63
05/07/2024,114.37,49.78,128.35
08/07/2024,113.62,49.17,126.62
09/07/2024,115.04,49.04,126.65
10/07/2024,116.33,48.91,127.36
11/07/2024,115.97,48.88,127
12/07/2024,115.36,49.03,128.06
15/07/2024,115.1,48.9,126.38
16/07/2024,116.48,49.57,127.08
17/07/2024,120.37,50.13,130.6
18/07/2024,120.1,50.37,131.65
19/07/2024,119.74,50.54,131.09
22/07/2024,119.27,50.09,129.65
23/07/2024,118.05,50.34,128.85
24/07/2024,121.09,50.99,130.3
25/07/2024,124.22,51.41,133.08
26/07/2024,124.8,52.09,134.21
29/07/2024,123.31,51.97,134.7
30/07/2024,125.71,52.73,134.94
31/07/2024,122.78,51.91,134.31
01/08/2024,126.19,53.35,137.34
02/08/2024,128.25,54.17,139.12
05/08/2024,126.24,53.32,136.26
06/08/2024,125.28,53.63,135.94
07/08/2024,125.21,53.94,135.36
08/08/2024,125.69,53.92,135.22
09/08/2024,125.89,53.83,135.11
12/08/2024,125.26,53.41,134.3
13/08/2024,123.19,53.25,134.07
14/08/2024,123.57,53.47,135.45
15/08/2024,123.8,53.42,134.25
16/08/2024,123.14,53.45,133.36
19/08/2024,122.91,53.11,133.83
20/08/2024,122.93,53.25,134.97
21/08/2024,123.31,53.14,133.83
22/08/2024,124.05,52.97,134.28
23/08/2024,124.26,52.84,133.14
26/08/2024,124.8,53.71,133.41
27/08/2024,122.93,53.94,132.25
28/08/2024,124.28,54.4,131.86
29/08/2024,124.72,54.72,130.69
30/08/2024,126.36,55.21,131.71
03/09/2024,127.5,55.69,135.41
04/09/2024,127.35,55.21,135.84
05/09/2024,125.23,54.02,136.09
06/09/2024,125.26,54.21,135.14
09/09/2024,127.45,54.96,136.31
10/09/2024,127.98,54.71,135.95
11/09/2024,126.37,54.5,134.77
12/09/2024,125.46,54.28,135.07
13/09/2024,126.14,54.42,135.16
16/09/2024,126.35,54.56,134.09
17/09/2024,126.95,54.56,134.4
18/09/2024,125.76,54.31,132.61
19/09/2024,124.07,53.16,131.48
20/09/2024,123.23,53.78,128.5
23/09/2024,122.3,53.75,128.96
24/09/2024,121.37,53.18,126.69
25/09/2024,120.54,53.63,127.15
26/09/2024,120.3,53.22,126.49
27/09/2024,120.69,53.68,127.12
30/09/2024,121.21,53.75,127.19
01/10/2024,121.93,53.98,129
02/10/2024,121.48,53.52,127.8
03/10/2024,122.29,53.73,128.41
04/10/2024,122.21,53.5,128.07
07/10/2024,121.94,52.75,127.81
08/10/2024,121.86,52.79,130.05
09/10/2024,122.91,53.23,132.01
10/10/2024,122.92,53.03,132.48
11/10/2024,123.57,53.25,133.79
14/10/2024,123.75,53.86,134.85
15/10/2024,125.53,53.81,134.56
16/10/2024,126.47,54.33,134.32
17/10/2024,126.42,53.73,134.26
18/10/2024,126.55,53.99,134.17
21/10/2024,125.41,53.49,134.79
22/10/2024,125.9,53.49,134.31
23/10/2024,128.37,52.64,133.86
24/10/2024,126.17,51.88,132.72
25/10/2024,124.14,51.64,132.56
28/10/2024,124.59,51.4,130.94
29/10/2024,123,50.37,128.7
30/10/2024,123.91,50.86,128.23
31/10/2024,123.94,50.64,128.76
01/11/2024,123.88,50.29,128.11
04/11/2024,122.13,50.25,128.38
05/11/2024,121.42,50.13,128.71
06/11/2024,122.6,49.46,127.9
07/11/2024,120.69,49.02,126.29
08/11/2024,120.32,49.47,127.78
11/11/2024,120.48,49.23,127.64
12/11/2024,119.75,49.58,128.92
13/11/2024,120.63,49.59,129.69
14/11/2024,119.91,49.39,130.4
15/11/2024,122.06,48.93,125.72
18/11/2024,122.1,48.8,124.9
19/11/2024,120.64,49.35,123.58
20/11/2024,121.03,49.79,125.49
21/11/2024,123.55,50.66,127.39
22/11/2024,123.83,51.01,129.28
25/11/2024,123.96,51.23,129.74
26/11/2024,122.95,51.36,129.03
27/11/2024,122.57,50.82,128.35
29/11/2024,121.7,50.31,128.33
02/12/2024,122.32,50.3,128.84
03/12/2024,120.25,50.13,127.62
04/12/2024,118.46,48.98,126.11
05/12/2024,117.2,49.32,125.8
06/12/2024,117.18,49.07,123.84
09/12/2024,117.34,49.1,125.09
10/12/2024,116.88,49.27,125.19
11/12/2024,115.01,49.13,122.96
12/12/2024,115.42,50.39,125.42
13/12/2024,116.2,50.02,125.19
16/12/2024,113.44,49.33,123.03
17/12/2024,115.19,49.88,122.85
18/12/2024,115.13,49.99,122.83
19/12/2024,114.87,49.96,121.19
20/12/2024,114.94,49.77,121.56
23/12/2024,115.91,49.77,120.71
24/12/2024,116.29,50.1,121.84
26/12/2024,116.23,49.96,121.71
27/12/2024,115.31,49.65,121.54
30/12/2024,114.21,49.42,120.88
31/12/2024,115.59,49.76,121.54
02/01/2025,116.33,49.95,121.33
03/01/2025,116.09,49.72,120.49
06/01/2025,114.77,48.58,116.86
07/01/2025,117.24,48.78,116.57
08/01/2025,115.09,49.92,118.54
10/01/2025,116.4,50.04,116.88
13/01/2025,118.42,50.53,118.44
14/01/2025,118.5,50.79,118.67
15/01/2025,118.44,50.47,118.28
16/01/2025,120.74,50.86,119.73
17/01/2025,120.88,51.56,121.89
21/01/2025,119.92,50.53,120.24
22/01/2025,117.95,50.16,120.24
23/01/2025,118.72,49.81,120.32
24/01/2025,117.65,49.62,119.5
27/01/2025,122.35,51.11,123.73
28/01/2025,120.87,50.12,120.77
29/01/2025,121.44,50.48,120.81
30/01/2025,123.13,51.59,122.35
31/01/2025,122.8,51.23,121.62
03/02/2025,121.98,50.88,120.7
04/02/2025,123,50.22,114.99
05/02/2025,123.69,50.47,116.47
06/02/2025,123.46,50.96,116.9
07/02/2025,123.39,51.45,116.51
10/02/2025,124.73,52.2,116.73
11/02/2025,125.48,54.33,117.05
12/02/2025,124.79,55.22,115.73
13/02/2025,125.15,55.31,115.07
14/02/2025,124.08,54.72,113.94
18/02/2025,122.9,54.75,114.27
19/02/2025,125.46,55.68,115.86
20/02/2025,126.05,55.29,117.7
21/02/2025,128.5,56.49,121.54
24/02/2025,129.71,55.92,121.87
25/02/2025,131.15,56.45,123.52
26/02/2025,128.69,55.87,119.56
27/02/2025,129.98,56.26,120.68
28/02/2025,131.21,56.62,122.02
03/03/2025,131.73,56.95,122.84
04/03/2025,129.3,54.86,120.52
05/03/2025,128.07,54.35,119.35
06/03/2025,128.73,54.7,120.02
07/03/2025,129.02,55.29,119.54
10/03/2025,130.26,55.5,121.37
11/03/2025,128.12,54.87,117.67
12/03/2025,125.66,53.97,114.33
13/03/2025,125.9,53.78,114.58
14/03/2025,125.9,53.48,114.9
17/03/2025,125.35,53.98,116.5
18/03/2025,126.35,53.37,114.61
19/03/2025,125.38,53.29,113.93
20/03/2025,125.76,53.78,113.52
21/03/2025,126.67,53.16,112.59
24/03/2025,126.39,53.37,113.36
25/03/2025,124.41,53.16,112.45
26/03/2025,125.51,54.34,115.36
27/03/2025,126.02,54.65,115.62
28/03/2025,126.53,54.39,115.37
31/03/2025,128.38,55.44,116.07
01/04/2025,118.62,55.63,115.85
02/04/2025,119.46,54.85,114.66
03/04/2025,122.04,55.88,115.58
04/04/2025,118.88,54.25,113.74
07/04/2025,118.43,53.76,112.59
08/04/2025,117.51,53.6,109.91
09/04/2025,117.82,54.59,113.62
10/04/2025,114.67,54.57,111.16
11/04/2025,116,54.61,110.42
14/04/2025,117.04,54.93,111.27
15/04/2025,116.12,54.32,107.97
16/04/2025,116.25,54.14,105.81
17/04/2025,118.71,55.03,107.68
21/04/2025,117.31,54.4,105.95
22/04/2025,118.36,55.45,107.64
23/04/2025,117.22,55.3,107.33
24/04/2025,116.13,54.36,101.42
25/04/2025,116.1,54.01,100.18
28/04/2025,115.6,53.42,99.53
29/04/2025,116.3,53.97,100.19
30/04/2025,117.3,54.44,101.74
01/05/2025,116.32,53.69,100.57
02/05/2025,117.64,53.99,100.78
05/05/2025,116.62,53.95,99.31
06/05/2025,115.55,53.65,97.8
07/05/2025,118.31,54.46,99.22
08/05/2025,117.51,53.73,99.22
09/05/2025,115.92,53.01,98.05
12/05/2025,117.02,52.79,99.97
13/05/2025,111.57,51.83,97.95
14/05/2025,110.38,52.16,96.88
15/05/2025,112.51,53.85,98.89
16/05/2025,114.02,54.25,99.44
19/05/2025,114.16,53.85,98.67
20/05/2025,114.73,53.53,98.41
21/05/2025,114.17,53.55,97
22/05/2025,113.76,53.03,97
23/05/2025,112.99,53.02,95.55
27/05/2025,113.49,53.16,97.29
28/05/2025,113.15,52.81,96.99
29/05/2025,113.87,53.01,97.81
30/05/2025,115.32,53.57,97.67
02/06/2025,114.76,53.17,96.68
03/06/2025,114.26,52.65,97.56
04/06/2025,113.03,52.65,97.18
05/06/2025,113.25,52.26,96.63
06/06/2025,114.66,52.77,96.17
09/06/2025,114.59,52.98,95.93
10/06/2025,115.94,53.62,97.7
11/06/2025,114.63,53.21,95.91
12/06/2025,115.12,53.08,97.22
13/06/2025,115.82,52.36,96.47
16/06/2025,114.35,51.95,96.81
17/06/2025,113.51,51.86,96.31
18/06/2025,112.33,51.58,96.19
20/06/2025,111.38,51.19,95.97
23/06/2025,111.91,51.58,95.47
24/06/2025,111.79,51.57,96.26
25/06/2025,111.45,50.96,93.7
26/06/2025,110.74,50.61,93.41
27/06/2025,111.13,51.28,95.55
30/06/2025,111.23,51.52,96.15
01/07/2025,113.44,52.14,98.41
02/07/2025,114.08,52,100.09
03/07/2025,114.28,52.26,99.16
07/07/2025,114.18,52.22,98.87
08/07/2025,114.68,51.7,99.4
09/07/2025,115.03,51.14,98.98
10/07/2025,116.18,51.4,100.26
11/07/2025,116.23,51.76,100.2
14/07/2025,116.79,51.74,100.97
15/07/2025,115.98,51.84,100.01
16/07/2025,122.78,51.61,100.85
17/07/2025,121.49,52.62,108.42
18/07/2025,122.13,52.11,106.86
21/07/2025,121.86,51.95,105.06
22/07/2025,124.14,51.49,107.95
23/07/2025,124.52,50.93,107.26
24/07/2025,125.52,51.15,106.97
25/07/2025,125.28,51.49,106.78
28/07/2025,124.46,50.98,106
29/07/2025,125.94,51.98,107.8
30/07/2025,126.38,51.95,107.94
31/07/2025,124.76,51.41,104.45
01/08/2025,126.02,51.86,104.9
04/08/2025,128.77,51.92,105.07
05/08/2025,128.39,51.92,104.86
06/08/2025,127.73,52.05,105.43
07/08/2025,127.62,52.4,107.08
08/08/2025,128.88,52.3,107.97
11/08/2025,129.45,52.69,107.89
12/08/2025,128.03,52.4,108.83
13/08/2025,128.49,51.9,110.02
14/08/2025,129.13,51.4,109.84
15/08/2025,130.35,51.6,110.99
18/08/2025,130.54,51.2,110.76
19/08/2025,131.8,51.99,112.79
20/08/2025,132.9,52.54,112.01
21/08/2025,133.42,52.69,111.09
22/08/2025,132.59,51.86,110.66
25/08/2025,132.61,51.23,110.15
26/08/2025,130.93,50.99,109.05
27/08/2025,130.99,51,109.39
28/08/2025,129.85,50.59,108.78
29/08/2025,131.21,51.09,110.09
02/09/2025,132.97,51.57,112.22
03/09/2025,132.4,51.32,110.56
04/09/2025,133.08,50.81,109.35
05/09/2025,132.11,50.32,108.39
08/09/2025,131.53,49.79,104.64
09/09/2025,130.85,50.18,105.81
10/09/2025,129.94,50.13,105.45
11/09/2025,131.52,49.82,106.27
12/09/2025,131.35,49.43,105.88
15/09/2025,130.48,48.7,103.44
16/09/2025,129.3,48.54,102.61
17/09/2025,130.05,49.2,103.65
18/09/2025,128.49,49.03,103.83
19/09/2025,130.84,49.33,105.27
22/09/2025,128.93,49,104.37
23/09/2025,130.59,49.33,104.94
24/09/2025,131.43,49.43,105.75
25/09/2025,133.23,49.46,104.89
26/09/2025,134.11,49.01,104.81
29/09/2025,135.27,49.19,104.4
30/09/2025,137.95,49.34,104.49
01/10/2025,138.05,49.55,106.21
02/10/2025,138.43,49.2,105.92
03/10/2025,139.96,49.45,105.34
06/10/2025,139.56,49.03,103.62
07/10/2025,140.73,49.76,104.9
08/10/2025,141.52,49.33,103.58
09/10/2025,143.66,49.9,108.8
10/10/2025,142.78,50.19,112.35
13/10/2025,143.19,50.11,111.68
14/10/2025,143.32,50.7,113.8
15/10/2025,142.65,50.06,112.8
16/10/2025,143.05,50.33,113.68
17/10/2025,143.94,50.98,114.5
20/10/2025,144.52,51.06,114.62
21/10/2025,143.56,53.28,114.6
22/10/2025,144.47,53.02,114.59
23/10/2025,144.45,52.49,113.71
24/10/2025,143.06,52.38,113.87
27/10/2025,142.71,52.54,114.46
28/10/2025,140.87,52.87,113.13
29/10/2025,141.44,51.81,110.79
30/10/2025,143.76,52.46,112.21
31/10/2025,143.62,52.39,111.09
