DATE,SBUX.O,CSCO.O,MSFT.O
01/11/2023,75.58,52.04,279.66
02/11/2023,82.77,52.32,284.6
03/11/2023,81.3,53.26,282.51
06/11/2023,83.36,52.97,286.4
07/11/2023,84.75,53.34,292.22
08/11/2023,84.47,53.39,294.48
09/11/2023,85.34,52.12,296.46
10/11/2023,83.95,52.25,295.77
13/11/2023,84.64,52.48,299.9
14/11/2023,83.6,52.47,296.88
15/11/2023,85.09,53.27,298.98
16/11/2023,85.67,47.41,299.02
17/11/2023,86.01,48.05,299.82
20/11/2023,84.14,47.56,296.88
21/11/2023,83.31,48.27,299.65
22/11/2023,83.38,48.08,302.59
24/11/2023,82.08,48.09,299.4
27/11/2023,81.02,48.33,298.44
28/11/2023,80.33,47.95,298.08
29/11/2023,79.97,48.11,302.31
30/11/2023,79.27,48.19,299.87
01/12/2023,77.56,48.28,296.66
04/12/2023,77.89,48.06,292.19
05/12/2023,77.33,47.75,290.99
06/12/2023,76.4,48.07,297.43
07/12/2023,77.24,47.91,292.48
08/12/2023,76.58,48.28,294.28
11/12/2023,77.45,48.94,293.54
12/12/2023,78.37,49.58,295.24
13/12/2023,78.06,49.24,298
14/12/2023,77.33,50,292.42
15/12/2023,77.19,49.49,289.43
18/12/2023,76.92,49.92,292.24
19/12/2023,76.15,50.37,291.82
20/12/2023,76.25,50.12,296.75
21/12/2023,74.94,49.93,293.63
22/12/2023,74.72,49.84,294.24
26/12/2023,74.92,50.11,294.67
27/12/2023,74.79,50.3,292.08
28/12/2023,75.02,50.58,294.87
29/12/2023,75.32,50.45,295.39
02/01/2024,75.67,50.49,296.38
03/01/2024,74.21,50.17,291.43
04/01/2024,73.43,50.44,292.35
05/01/2024,73.4,50.18,290.16
08/01/2024,72.97,49.75,289.72
09/01/2024,73.68,49.96,292.81
10/01/2024,73.01,50,295.45
11/01/2024,73.14,50.45,302.51
12/01/2024,73.12,50.5,302.32
16/01/2024,73.33,50.25,311.54
17/01/2024,72.33,50.24,306.17
18/01/2024,72.38,50.3,308.32
19/01/2024,73.37,50.75,311.62
22/01/2024,73.82,51.55,314.83
23/01/2024,73.33,51.39,311.93
24/01/2024,72.74,52,315.6
25/01/2024,72.57,51.75,318.16
26/01/2024,73.15,52.42,318.35
29/01/2024,73.2,51.84,319.56
30/01/2024,73.25,52.3,324.69
31/01/2024,77.48,51.85,320.82
01/02/2024,73.07,50.23,315.36
02/02/2024,73.39,50.14,319.72
05/02/2024,74.03,49.94,327.08
06/02/2024,73.43,50.31,322.2
07/02/2024,76.23,50.3,322.73
08/02/2024,75.38,49.9,328.19
09/02/2024,76.33,49.93,329.07
12/02/2024,76.76,50.03,333.09
13/02/2024,75.34,49.62,321.66
14/02/2024,74.87,49.57,324.77
15/02/2024,74.63,48.26,323.92
16/02/2024,73.9,48.75,323.83
20/02/2024,73.99,47.97,319.58
21/02/2024,74.29,48.45,316.74
22/02/2024,74.96,48.27,324.03
23/02/2024,75.62,48.62,327.84
26/02/2024,75.19,48.85,324.44
27/02/2024,74.37,48.15,321.68
28/02/2024,74.06,48.2,322.39
29/02/2024,74.86,48.19,323.72
01/03/2024,74.66,48.11,325.11
04/03/2024,73.33,48.37,325.8
05/03/2024,72.5,49.04,325.88
06/03/2024,71.77,48.98,316.58
07/03/2024,71.54,49.44,317.13
08/03/2024,70.48,48.87,317.31
11/03/2024,71.23,49.72,315.14
12/03/2024,71.93,50.54,318.68
13/03/2024,72.28,50.03,326.74
14/03/2024,71.45,50.27,329.57
15/03/2024,71.91,49.79,329.14
18/03/2024,71.3,49.22,325.49
19/03/2024,71.54,49.12,328.48
20/03/2024,71.8,49.04,330.1
21/03/2024,73.19,49.71,339.63
22/03/2024,72.8,50.05,341.01
25/03/2024,71.75,49.56,336.58
26/03/2024,72.06,49.55,337.12
27/03/2024,71.73,49.77,335.84
28/03/2024,72.72,49.89,333.51
01/04/2024,73.16,49.96,337.81
02/04/2024,72.44,49.96,334.03
03/04/2024,70.82,48.8,331.78
04/04/2024,70.51,49.09,336.23
05/04/2024,69.56,47.96,332.39
08/04/2024,68.74,48.19,336.05
09/04/2024,68.78,48.84,336.41
10/04/2024,68.89,49.73,336.92
11/04/2024,68.53,49.32,339.3
12/04/2024,68.61,49.21,340.6
15/04/2024,68.63,49.72,342.82
16/04/2024,68.27,48.47,333.68
17/04/2024,69.1,48,335.25
18/04/2024,69.51,48.41,330.22
19/04/2024,70.45,48.39,326.59
22/04/2024,71.33,48.49,323.98
23/04/2024,71.31,48.14,324.74
24/04/2024,69.87,48.05,328.67
25/04/2024,71.57,48.78,314.9
26/04/2024,69.98,47.64,330.02
29/04/2024,70.25,47.99,322.62
30/04/2024,70.14,47.61,321.45
01/05/2024,60.53,46.7,313.46
02/05/2024,59.77,47.03,317.34
03/05/2024,60,47.1,320.69
06/05/2024,58.36,47.22,325.42
07/05/2024,58.26,47.21,331.62
08/05/2024,57.85,47.44,326.64
09/05/2024,58.75,48,327.88
10/05/2024,60.15,48,329.79
13/05/2024,60.69,48.31,332.87
14/05/2024,60.56,48.98,327.31
15/05/2024,59.83,49.19,329.44
16/05/2024,59.36,50.08,333.02
17/05/2024,59.27,48.26,332.73
20/05/2024,61.15,48,330.77
21/05/2024,61.03,47.12,335.9
22/05/2024,61.11,47.1,338.25
23/05/2024,63.09,47.15,341
24/05/2024,61.62,46.63,335.31
28/05/2024,61.75,46.15,336.7
29/05/2024,60.68,45.9,335.01
30/05/2024,60.57,46.1,333.31
31/05/2024,62.08,46.14,327.14
03/06/2024,62.23,46.72,324.53
04/06/2024,64.22,46.65,323.14
05/06/2024,64.5,47.52,326.8
06/06/2024,63.46,45.94,331.57
07/06/2024,64.16,45.95,335.04
10/06/2024,64.01,45.8,333.62
11/06/2024,63.52,45.69,333.97
12/06/2024,62.51,45.99,340.2
13/06/2024,62.31,45.42,345.52
14/06/2024,63.08,45.32,345.59
17/06/2024,62.65,45.4,348.41
18/06/2024,63.75,45.5,353.9
20/06/2024,63.07,45.91,352.67
21/06/2024,63.27,47.1,353.8
24/06/2024,63.1,47.49,354.76
25/06/2024,63.08,47.27,353.43
26/06/2024,62.6,47.06,355.78
27/06/2024,62.55,46.78,357.79
28/06/2024,62.27,47.55,358.38
01/07/2024,61.67,47.48,354.76
02/07/2024,60.8,47.4,357.3
03/07/2024,60.31,47.15,359.65
05/07/2024,59.53,46.43,358.85
08/07/2024,59.62,46.35,364.38
09/07/2024,58.38,46,365.33
10/07/2024,56.82,46.06,359.06
11/07/2024,56.04,46.18,358.65
12/07/2024,56.8,46.78,349.69
15/07/2024,57.76,47.41,349.61
16/07/2024,55.7,47.45,350.34
17/07/2024,57.83,47.46,340.25
18/07/2024,57.54,48.15,343.36
19/07/2024,57.79,48.09,335.24
22/07/2024,60.57,47.32,341.63
23/07/2024,59.78,46.75,343.97
24/07/2024,59.17,46.54,341.27
25/07/2024,58.41,47.37,333.67
26/07/2024,57.36,47.32,324.89
29/07/2024,57.85,47.82,335.63
30/07/2024,58.63,48.19,333.27
31/07/2024,61.88,48.41,327.08
01/08/2024,61.14,48.62,330.31
02/08/2024,58.69,47.68,322.31
05/08/2024,57.82,46.55,304.68
06/08/2024,58.25,44.75,315.23
07/08/2024,59.33,45.42,321.99
08/08/2024,58.89,45.28,315.71
09/08/2024,59.29,45.7,316.66
12/08/2024,59.96,45.53,318.91
13/08/2024,70.79,44.98,318.58
14/08/2024,74.38,45.14,323.43
15/08/2024,73.24,48.75,326.67
16/08/2024,72.12,48.64,324.94
19/08/2024,72.64,49.33,322.57
20/08/2024,70.83,49.98,323.66
21/08/2024,70.65,50.29,323.92
22/08/2024,70.81,50.72,324.24
23/08/2024,70.29,50.51,315.68
26/08/2024,71.42,50.79,315.67
27/08/2024,71.97,50.67,311.47
28/08/2024,74.47,50.45,314.54
29/08/2024,72.5,49.97,315.11
30/08/2024,72.37,50.55,316.62
03/09/2024,71.79,50.31,318.75
04/09/2024,71.05,49.82,308.87
05/09/2024,69.96,49.5,309.39
06/09/2024,69.72,48.87,311.71
09/09/2024,69.78,48.47,311.53
10/09/2024,70.43,48.79,312.1
11/09/2024,72.13,48.75,318.56
12/09/2024,75.03,49.09,322.57
13/09/2024,75.54,49.74,324.51
16/09/2024,74.55,49.88,325.82
17/09/2024,73.32,51.02,334.52
18/09/2024,72.32,50.39,329.25
19/09/2024,73.75,51.41,332.15
20/09/2024,72.7,51.45,328.22
23/09/2024,71.97,52.06,325.4
24/09/2024,71.18,52.21,322.84
25/09/2024,70.75,52.57,322.62
26/09/2024,73.42,53,324.33
27/09/2024,73.02,53.04,322.68
30/09/2024,72.84,53.02,320.28
01/10/2024,73.38,53.11,322.51
02/10/2024,72.99,52.4,318.52
03/10/2024,72.87,52.19,318.22
04/10/2024,73.32,52.8,318.88
07/10/2024,73.52,52.58,317.97
08/10/2024,73.3,52.64,313.57
09/10/2024,73.82,52.65,318.18
10/10/2024,73.07,53.7,317.98
11/10/2024,72.05,53.52,318.49
14/10/2024,73.06,54.31,319.91
15/10/2024,72.42,54.42,322.96
16/10/2024,73.48,55,319.61
17/10/2024,73.27,56.38,324.64
18/10/2024,73.33,56.41,319.7
21/10/2024,74.67,56.69,320.49
22/10/2024,74.21,56,322.34
23/10/2024,72.65,56.16,333.48
24/10/2024,75.31,56.38,327.88
25/10/2024,75.02,56.25,329.31
28/10/2024,75.28,55.9,332.78
29/10/2024,75.1,55.37,328.85
30/10/2024,75.12,55.57,337.48
31/10/2024,75.45,55.43,322.03
01/11/2024,75.51,54.74,316.42
04/11/2024,76.09,55.45,316.28
05/11/2024,74.27,55.9,313.14
06/11/2024,75.3,57.19,320.25
07/11/2024,73.97,57.8,324.41
08/11/2024,74.38,58.09,329.17
11/11/2024,76.15,59,328.32
12/11/2024,78.55,58.76,328.12
13/11/2024,76.64,58.15,331.92
14/11/2024,78.51,58.99,335.57
15/11/2024,78.54,57.45,332.74
18/11/2024,77.66,57.55,327.29
19/11/2024,78.69,56.68,325.75
20/11/2024,77.47,56.84,329.54
21/11/2024,79.06,57.29,333.31
22/11/2024,79.8,57.59,328.28
25/11/2024,81.9,58.65,332.92
26/11/2024,81.15,59,333.85
27/11/2024,79.47,59.61,335.31
29/11/2024,79.59,59.07,329.82
02/12/2024,80.6,59.25,333.12
03/12/2024,79.79,59.43,339.26
04/12/2024,79.43,59.64,340.92
05/12/2024,79.17,59.79,343.25
06/12/2024,77.64,60,347.12
09/12/2024,78.49,59.83,347.17
10/12/2024,77.65,58.5,348.05
11/12/2024,77.25,58.88,348.27
12/12/2024,77.52,58.69,354.47
13/12/2024,77.14,58.62,355.39
16/12/2024,76.45,58.47,352.71
17/12/2024,73.18,58.38,354.85
18/12/2024,72.99,58.71,358.96
19/12/2024,72.2,57.39,353.32
20/12/2024,69.9,57.57,344.59
23/12/2024,69.82,58.13,348.47
24/12/2024,69.69,58.8,346.56
26/12/2024,71.35,59.62,350.56
27/12/2024,72.26,59.57,345.5
30/12/2024,72.74,59.09,339.46
31/12/2024,72.52,59.22,340.58
02/01/2025,73.95,59.27,343.72
03/01/2025,74.4,58.84,339.03
06/01/2025,73.53,58.91,341.93
07/01/2025,74.38,58.97,343.94
08/01/2025,75.21,58.89,342.55
10/01/2025,75.54,58.79,347.94
13/01/2025,75.63,58.92,340.36
14/01/2025,76.96,58.97,342.05
15/01/2025,76.88,59.86,342.43
16/01/2025,75.88,60.18,350.27
17/01/2025,78.58,60.76,356.89
21/01/2025,77.23,60.47,348.23
22/01/2025,79.55,61.04,355.28
23/01/2025,79.34,61.8,357.84
24/01/2025,78.36,62.06,356.73
27/01/2025,78.84,61.39,339.32
28/01/2025,79.53,59.02,349.33
29/01/2025,82.51,59.95,358.88
30/01/2025,87.8,60.47,337.31
31/01/2025,87.97,60.53,338.16
03/02/2025,84.92,60.19,330.6
04/02/2025,87.08,60.84,330.71
05/02/2025,88.1,61.45,329.72
06/02/2025,90.12,62.82,332.96
07/02/2025,89.8,62.74,335.63
10/02/2025,91.04,63.12,334.55
11/02/2025,89.11,62.53,329.21
12/02/2025,88.86,61.44,327.29
13/02/2025,90.03,66.1,323.92
14/02/2025,89.65,63.79,324.03
18/02/2025,88.65,65.3,323.53
19/02/2025,89.34,64.52,324.1
20/02/2025,88.55,64.96,327.83
21/02/2025,89.73,64.68,330.43
24/02/2025,88.99,64.43,323.6
25/02/2025,89.29,64.6,316.72
26/02/2025,90.44,64.05,314.09
27/02/2025,89.7,64.77,318.54
28/02/2025,91.48,63.93,312.2
03/03/2025,91.38,64.39,314.05
04/03/2025,89.88,63.74,299.67
05/03/2025,86.53,63.23,301.98
06/03/2025,85.4,63.8,306.07
07/03/2025,81.06,62.9,303.65
10/03/2025,82.13,63.48,299.71
11/03/2025,78.7,62.28,292.75
12/03/2025,77.39,60.96,295.48
13/03/2025,76.25,60.41,295.96
14/03/2025,74.64,60.32,293.67
17/03/2025,75.21,60.4,297.67
18/03/2025,76.33,60.67,297.75
19/03/2025,75.59,60.63,296.56
20/03/2025,76.26,60.48,297.57
21/03/2025,75.82,60.17,296.65
24/03/2025,75.88,61.04,306.06
25/03/2025,74.32,60.84,304.35
26/03/2025,74.51,61.03,306.56
27/03/2025,75.63,61.89,301.38
28/03/2025,75.75,61.66,299.95
31/03/2025,74.79,60.63,288.38
01/04/2025,75.74,61.38,290
02/04/2025,74.9,61.2,290.63
03/04/2025,71.28,59.38,286.18
04/04/2025,65.68,56.66,282.49
07/04/2025,61.82,53.38,275.89
08/04/2025,65.08,54.74,288.49
09/04/2025,61.83,53.08,275.9
10/04/2025,66.41,57.82,294.64
11/04/2025,64.55,56.67,291.01
14/04/2025,65.45,57.89,298.14
15/04/2025,64.63,57.87,293.66
16/04/2025,62.92,56.57,287.52
17/04/2025,61.25,56.2,281.75
21/04/2025,60.07,55.16,271.22
22/04/2025,61.46,55.22,272.64
23/04/2025,63.37,56.15,283.71
24/04/2025,61.76,55.3,281.61
25/04/2025,62.81,56.21,290.67
28/04/2025,62.75,56.53,291.65
29/04/2025,62.39,56.69,291.88
30/04/2025,57.31,57.1,292.89
01/05/2025,60.78,57.78,324.66
02/05/2025,62.23,59.06,325.32
05/05/2025,63.2,59,325.69
06/05/2025,60.59,58.63,323.31
07/05/2025,62.41,59.2,326.32
08/05/2025,62.92,59.96,330.61
09/05/2025,61.94,60.66,330.73
12/05/2025,63.51,61.61,338.55
13/05/2025,64.54,61.68,336.57
14/05/2025,65.4,61.63,337.99
15/05/2025,65.08,63.07,339
16/05/2025,65.27,63.91,340.61
19/05/2025,63.23,63.43,337.56
20/05/2025,63.11,63.74,340.17
21/05/2025,62.91,62.99,338.8
22/05/2025,62.03,63.41,339.13
23/05/2025,61.01,62.71,332.43
27/05/2025,63.27,63.76,338.06
28/05/2025,64.9,63.89,342.35
29/05/2025,62.95,63.73,342.22
30/05/2025,62.37,62.92,341.57
02/06/2025,61.5,62.73,337.6
03/06/2025,62.94,63.8,341.45
04/06/2025,63.91,64.66,342.28
05/06/2025,64.99,64.48,342.69
06/06/2025,65.38,65.32,347.67
09/06/2025,65.76,66.12,346.72
10/06/2025,66.62,66.01,349.18
11/06/2025,68.01,65.11,347.03
12/06/2025,69.57,64.32,349.05
13/06/2025,68.93,64.59,351.23
16/06/2025,69.24,65.19,350.09
17/06/2025,69.4,65.64,354.14
18/06/2025,68.48,65.69,356.24
20/06/2025,69.21,66.49,358.56
23/06/2025,68.93,66.35,353.66
24/06/2025,68.24,67.78,359.15
25/06/2025,67.16,67.85,360.12
26/06/2025,67.09,68.72,359.13
27/06/2025,66.92,68.87,362.8
30/06/2025,67.3,68.84,361.93
01/07/2025,66.6,69.38,361.2
02/07/2025,69.87,68.68,359.33
03/07/2025,69,68.18,361.71
07/07/2025,69.24,69.08,365.75
08/07/2025,69.24,68.8,366.02
09/07/2025,71.8,68.54,368.25
10/07/2025,69.9,69.26,370.63
11/07/2025,69.91,68.29,369.27
14/07/2025,69.77,67.83,373.51
15/07/2025,69.98,67.68,375.98
16/07/2025,69.04,67.15,376.41
17/07/2025,67.63,67.55,376.95
18/07/2025,70.16,68.78,383.83
21/07/2025,69.91,67.9,375.67
22/07/2025,68.71,68.34,377.71
23/07/2025,71.68,68.35,373.16
24/07/2025,70.69,68.36,376.62
25/07/2025,69.53,68.38,381.47
28/07/2025,71.08,67.75,384.93
29/07/2025,69.86,68.23,386.22
30/07/2025,73.91,67.84,389.25
31/07/2025,69.37,68.31,420.47
01/08/2025,66.57,67.51,402.92
04/08/2025,65.55,67.77,397.7
05/08/2025,67.41,68.69,403.93
06/08/2025,67.55,67.96,397.53
07/08/2025,66.76,69.8,391.93
08/08/2025,67.49,70.24,388.58
11/08/2025,68.54,72.3,388.96
12/08/2025,69.24,70.79,388.11
13/08/2025,68.64,71.86,391.98
14/08/2025,69.18,68,386.19
15/08/2025,68.29,68.45,385.78
18/08/2025,66.88,66.08,386.3
19/08/2025,68.6,66.76,381.76
20/08/2025,67.59,66.82,378.89
21/08/2025,66.39,67.1,375.58
22/08/2025,65.91,67.33,372.91
25/08/2025,65.57,67.28,376.56
26/08/2025,63.71,67.17,374.15
27/08/2025,64.19,68.32,371.94
28/08/2025,65.29,68.36,375.29
29/08/2025,65.17,69.11,376.7
02/09/2025,65.59,68.11,373.73
03/09/2025,66.5,68.05,374.73
04/09/2025,64.89,68.1,375.42
05/09/2025,64.31,67.72,376.92
08/09/2025,63.13,66.72,367.8
09/09/2025,62.26,66.74,370.77
10/09/2025,61.99,67.59,371.78
11/09/2025,61.37,68.31,370.06
12/09/2025,60.76,66.88,373.75
15/09/2025,60.37,66.51,374.22
16/09/2025,60.84,67.02,378.75
17/09/2025,62,67,374.76
18/09/2025,61.34,67.9,377.37
19/09/2025,62.48,68.92,379.15
22/09/2025,62.34,67.86,381.58
23/09/2025,62.97,67.58,379.98
24/09/2025,63.66,67.7,379.64
25/09/2025,63.37,67.32,381.04
26/09/2025,62.57,67.87,380.64
29/09/2025,62.3,67.72,380.98
30/09/2025,63.41,67.71,381.85
01/10/2025,62.67,67.9,381.98
02/10/2025,62.71,69.18,385.29
03/10/2025,64.18,67.95,383.66
06/10/2025,64,68.44,384.67
07/10/2025,61.21,68.92,393.6
08/10/2025,60.52,69.81,390.39
09/10/2025,60.24,70.31,392.7
10/10/2025,59.64,70.41,389.01
13/10/2025,59.14,68.55,387.35
14/10/2025,59.52,67.11,383.17
15/10/2025,60.97,69.31,384.26
16/10/2025,61.95,69.78,381.67
17/10/2025,62.76,69.06,379.2
20/10/2025,63.93,70.12,383.92
21/10/2025,62.95,70.58,387.18
22/10/2025,64.22,70.86,390.23
23/10/2025,64.16,70.6,392.12
24/10/2025,64.69,70.64,392.81
27/10/2025,64.7,70.54,398.79
28/10/2025,65.49,71.2,414.47
29/10/2025,63.78,72.68,413.05
30/10/2025,62.53,71.37,403.41
31/10/2025,62.93,72.72,402.16
